xmin,ymin,xmax,ymax,confidence,class,name
320.32818603515625,0.0,626.8453979492188,242.79742431640625,0.7601625323295593,45,bowl
245.3080596923828,218.43353271484375,587.9929809570312,478.69439697265625,0.48859450221061707,50,broccoli
0.0,10.967056274414062,621.3834228515625,480.0,0.3302479386329651,60,dining table
327.84478759765625,412.427734375,426.9931640625,479.6219482421875,0.2920489013195038,50,broccoli
